profile,metric,value,ordering,ordering_group,tie_tolerance
A,ap,0.01,C>B>A,3,9.9999999999999998e-13
B,ap,0.010089912331279399,C>B>A,2,9.9999999999999998e-13
C,ap,0.10137921335822384,C>B>A,1,9.9999999999999998e-13
A,ndcg,0.15019048322368797,C>A>B,2,9.9999999999999998e-13
B,ndcg,0.12165987834798749,C>A>B,3,9.9999999999999998e-13
C,ndcg,0.20803328546921201,C>A>B,1,9.9999999999999998e-13
A,recall_at_10,0,C>A=B,2,9.9999999999999998e-13
B,recall_at_10,0,C>A=B,2,9.9999999999999998e-13
C,recall_at_10,0.20000000000000001,C>A=B,1,9.9999999999999998e-13
A,auc,0.99009900990099009,A>C>B,1,9.9999999999999998e-13
B,auc,0.55475547554755478,A>C>B,3,9.9999999999999998e-13
C,auc,0.84314431443144322,A>C>B,2,9.9999999999999998e-13
