negative_draws,profile,metric,expected_value,ordering,ordering_group,tie_tolerance
99,A,ap,0.63659167554759266,A>B>C,1,9.9999999999999998e-13
99,B,ap,0.34073883352121337,A>B>C,2,9.9999999999999998e-13
99,C,ap,0.32616933782631852,A>B>C,3,9.9999999999999998e-13
99,A,ndcg,0.72898943266193306,A>C>B,1,9.9999999999999998e-13
99,B,ndcg,0.44733720357171275,A>C>B,3,9.9999999999999998e-13
99,C,ndcg,0.4599856683181146,A>C>B,2,9.9999999999999998e-13
99,A,recall_at_10,0.99999993674907439,A>C>B,1,9.9999999999999998e-13
99,B,recall_at_10,0.39999999999629854,A>C>B,3,9.9999999999999998e-13
99,C,recall_at_10,0.56942199421741357,A>C>B,2,9.9999999999999998e-13
99,A,auc,0.99009900990099009,A>C>B,1,9.9999999999999998e-13
99,B,auc,0.55475547554755478,A>C>B,3,9.9999999999999998e-13
99,C,auc,0.84314431443144322,A>C>B,2,9.9999999999999998e-13
