case_id,difference,leaked_value,metric,model_id,recomputed_effect,reconciled,reported_effect,safe_value
S1_CURRENT_CALL_DURATION,0.0,0.2790404648496671,brier_score,histogram_gradient_boosting,-0.0031124889390415356,True,-0.0031124889390415356,0.28215295378870864
S1_CURRENT_CALL_DURATION,0.0,598.705501618123,conversions_per_1000,histogram_gradient_boosting,105.17799352750808,True,105.17799352750808,493.5275080906149
S1_CURRENT_CALL_DURATION,0.0,0.24295016978300213,expected_calibration_error,histogram_gradient_boosting,0.02309681908787456,True,0.02309681908787456,0.21985335069512757
S1_CURRENT_CALL_DURATION,0.0,0.5371557970628019,pr_auc,histogram_gradient_boosting,0.09497724712906602,True,0.09497724712906602,0.4421785499337359
S1_CURRENT_CALL_DURATION,0.0,0.6897851554372721,roc_auc,histogram_gradient_boosting,0.12086611358567712,True,0.12086611358567712,0.568919041851595
S1_CURRENT_CALL_DURATION,0.0,1.5569870768090834,top_decile_lift,histogram_gradient_boosting,0.27352475673673093,True,0.27352475673673093,1.2834623200723525
S1_CURRENT_CALL_DURATION,0.0,0.29192251466728225,brier_score,logistic_regression,0.015785879785049195,True,0.015785879785049195,0.27613663488223306
S1_CURRENT_CALL_DURATION,0.0,647.2491909385113,conversions_per_1000,logistic_regression,158.57605177993526,True,158.57605177993526,488.6731391585761
S1_CURRENT_CALL_DURATION,0.0,0.2633026854224881,expected_calibration_error,logistic_regression,0.056293138615702065,True,0.056293138615702065,0.20700954680678602
S1_CURRENT_CALL_DURATION,0.0,0.5360861091738438,pr_auc,logistic_regression,0.07485432515940826,True,0.07485432515940826,0.46123178401443554
S1_CURRENT_CALL_DURATION,0.0,0.6674379211520942,roc_auc,logistic_regression,0.061014596397846566,True,0.061014596397846566,0.6064233247542477
S1_CURRENT_CALL_DURATION,0.0,1.683229272226036,top_decile_lift,logistic_regression,0.41239117169537876,True,0.41239117169537876,1.2708381005306573
S2_RANDOM_TEMPORAL_MIXING,0.0,0.07536311128405891,brier_score,histogram_gradient_boosting,-0.2067898425046497,True,-0.2067898425046497,0.28215295378870864
S2_RANDOM_TEMPORAL_MIXING,0.0,521.0355987055017,conversions_per_1000,histogram_gradient_boosting,27.508090614886783,True,27.508090614886783,493.5275080906149
S2_RANDOM_TEMPORAL_MIXING,0.0,0.006350172465998352,expected_calibration_error,histogram_gradient_boosting,-0.21350317822912923,True,-0.21350317822912923,0.21985335069512757
S2_RANDOM_TEMPORAL_MIXING,0.0,0.48510003799736073,pr_auc,histogram_gradient_boosting,0.042921488063624835,True,0.042921488063624835,0.4421785499337359
S2_RANDOM_TEMPORAL_MIXING,0.0,0.8101114783206609,roc_auc,histogram_gradient_boosting,0.24119243646906585,True,0.24119243646906585,0.568919041851595
S2_RANDOM_TEMPORAL_MIXING,0.0,4.625688167243239,top_decile_lift,histogram_gradient_boosting,3.3422258471708863,True,3.3422258471708863,1.2834623200723525
S2_RANDOM_TEMPORAL_MIXING,0.0,0.07791396049398512,brier_score,logistic_regression,-0.19822267438824792,True,-0.19822267438824792,0.27613663488223306
S2_RANDOM_TEMPORAL_MIXING,0.0,500.0,conversions_per_1000,logistic_regression,11.326860841423922,True,11.326860841423922,488.6731391585761
S2_RANDOM_TEMPORAL_MIXING,0.0,0.005451034610886352,expected_calibration_error,logistic_regression,-0.20155851219589965,True,-0.20155851219589965,0.20700954680678602
S2_RANDOM_TEMPORAL_MIXING,0.0,0.4559073802107869,pr_auc,logistic_regression,-0.005324403803648625,True,-0.005324403803648625,0.46123178401443554
S2_RANDOM_TEMPORAL_MIXING,0.0,0.7952195762869979,roc_auc,logistic_regression,0.18879625153275026,True,0.18879625153275026,0.6064233247542477
S2_RANDOM_TEMPORAL_MIXING,0.0,4.438936781609195,top_decile_lift,logistic_regression,3.168098681078538,True,3.168098681078538,1.2708381005306573
S3_GLOBAL_SUPERVISED_TRANSFORMATION,0.0,0.337659935119941,brier_score,histogram_gradient_boosting,0.0,True,0.0,0.337659935119941
S3_GLOBAL_SUPERVISED_TRANSFORMATION,0.0,401.294498381877,conversions_per_1000,histogram_gradient_boosting,0.0,True,0.0,401.294498381877
S3_GLOBAL_SUPERVISED_TRANSFORMATION,0.0,0.3190249193075356,expected_calibration_error,histogram_gradient_boosting,0.0,True,0.0,0.3190249193075356
S3_GLOBAL_SUPERVISED_TRANSFORMATION,0.0,0.41111354776289033,pr_auc,histogram_gradient_boosting,0.0,True,0.0,0.41111354776289033
S3_GLOBAL_SUPERVISED_TRANSFORMATION,0.0,0.5375424638177728,roc_auc,histogram_gradient_boosting,0.0,True,0.0,0.5375424638177728
S3_GLOBAL_SUPERVISED_TRANSFORMATION,0.0,1.0436021487801423,top_decile_lift,histogram_gradient_boosting,0.0,True,0.0,1.0436021487801423
S3_GLOBAL_SUPERVISED_TRANSFORMATION,0.0,0.3398731933481743,brier_score,logistic_regression,-0.00356792323820887,True,-0.00356792323820887,0.34344111658638315
S3_GLOBAL_SUPERVISED_TRANSFORMATION,0.0,401.294498381877,conversions_per_1000,logistic_regression,0.0,True,0.0,401.294498381877
S3_GLOBAL_SUPERVISED_TRANSFORMATION,0.0,0.3223864067852924,expected_calibration_error,logistic_regression,-0.004688256370675381,True,-0.004688256370675381,0.3270746631559678
S3_GLOBAL_SUPERVISED_TRANSFORMATION,0.0,0.4148706883566071,pr_auc,logistic_regression,0.0047015778372481165,True,0.0047015778372481165,0.410169110519359
S3_GLOBAL_SUPERVISED_TRANSFORMATION,0.0,0.5475841551636976,roc_auc,logistic_regression,0.013663787493658597,True,0.013663787493658597,0.533920367670039
S3_GLOBAL_SUPERVISED_TRANSFORMATION,0.0,1.0436021487801423,top_decile_lift,logistic_regression,0.0,True,0.0,1.0436021487801423
S4_DUPLICATE_OVERLAP,0.0,0.31080642829927974,brier_score,histogram_gradient_boosting,0.028653474510571098,True,0.028653474510571098,0.28215295378870864
S4_DUPLICATE_OVERLAP,0.0,425.5663430420712,conversions_per_1000,histogram_gradient_boosting,-67.9611650485437,True,-67.9611650485437,493.5275080906149
S4_DUPLICATE_OVERLAP,0.0,0.2650574819496737,expected_calibration_error,histogram_gradient_boosting,0.04520413125454614,True,0.04520413125454614,0.21985335069512757
S4_DUPLICATE_OVERLAP,0.0,0.40031827748643545,pr_auc,histogram_gradient_boosting,-0.04186027244730045,True,-0.04186027244730045,0.4421785499337359
S4_DUPLICATE_OVERLAP,0.0,0.5084172317442105,roc_auc,histogram_gradient_boosting,-0.060501810107384535,True,-0.060501810107384535,0.568919041851595
S4_DUPLICATE_OVERLAP,0.0,1.1067232464886188,top_decile_lift,histogram_gradient_boosting,-0.17673907358373375,True,-0.17673907358373375,1.2834623200723525
S4_DUPLICATE_OVERLAP,0.0,0.28457227175010846,brier_score,logistic_regression,0.008435636867875407,True,0.008435636867875407,0.27613663488223306
S4_DUPLICATE_OVERLAP,0.0,464.40129449838184,conversions_per_1000,logistic_regression,-24.271844660194233,True,-24.271844660194233,488.6731391585761
S4_DUPLICATE_OVERLAP,0.0,0.20437730799850062,expected_calibration_error,logistic_regression,-0.002632238808285392,True,-0.002632238808285392,0.20700954680678602
S4_DUPLICATE_OVERLAP,0.0,0.426175417245353,pr_auc,logistic_regression,-0.035056366769082525,True,-0.035056366769082525,0.46123178401443554
S4_DUPLICATE_OVERLAP,0.0,0.5422326848996584,roc_auc,logistic_regression,-0.06419063985458928,True,-0.06419063985458928,0.6064233247542477
S4_DUPLICATE_OVERLAP,0.0,1.2077170028221809,top_decile_lift,logistic_regression,-0.0631210977084764,True,-0.0631210977084764,1.2708381005306573
S5_POST_OUTCOME_CONFIRMATION_PROXY,0.0,4.222539935994499e-09,brier_score,histogram_gradient_boosting,-0.2821529495661687,True,-0.2821529495661687,0.28215295378870864
S5_POST_OUTCOME_CONFIRMATION_PROXY,0.0,1000.0,conversions_per_1000,histogram_gradient_boosting,506.4724919093851,True,506.4724919093851,493.5275080906149
S5_POST_OUTCOME_CONFIRMATION_PROXY,0.0,4.431899847048231e-05,expected_calibration_error,histogram_gradient_boosting,-0.21980903169665708,True,-0.21980903169665708,0.21985335069512757
S5_POST_OUTCOME_CONFIRMATION_PROXY,0.0,1.0,pr_auc,histogram_gradient_boosting,0.5578214500662642,True,0.5578214500662642,0.4421785499337359
S5_POST_OUTCOME_CONFIRMATION_PROXY,0.0,1.0,roc_auc,histogram_gradient_boosting,0.43108095814840497,True,0.43108095814840497,0.568919041851595
S5_POST_OUTCOME_CONFIRMATION_PROXY,0.0,2.600589225589226,top_decile_lift,histogram_gradient_boosting,1.3171269055168733,True,1.3171269055168733,1.2834623200723525
S5_POST_OUTCOME_CONFIRMATION_PROXY,0.0,4.8237593967283196e-06,brier_score,logistic_regression,-0.2761318111228363,True,-0.2761318111228363,0.27613663488223306
S5_POST_OUTCOME_CONFIRMATION_PROXY,0.0,1000.0,conversions_per_1000,logistic_regression,511.3268608414239,True,511.3268608414239,488.6731391585761
S5_POST_OUTCOME_CONFIRMATION_PROXY,0.0,0.0014452686807922344,expected_calibration_error,logistic_regression,-0.2055642781259938,True,-0.2055642781259938,0.20700954680678602
S5_POST_OUTCOME_CONFIRMATION_PROXY,0.0,1.0,pr_auc,logistic_regression,0.5387682159855645,True,0.5387682159855645,0.46123178401443554
S5_POST_OUTCOME_CONFIRMATION_PROXY,0.0,1.0,roc_auc,logistic_regression,0.39357667524575235,True,0.39357667524575235,0.6064233247542477
S5_POST_OUTCOME_CONFIRMATION_PROXY,0.0,2.600589225589226,top_decile_lift,logistic_regression,1.3297511250585685,True,1.3297511250585685,1.2708381005306573
