case_id,direction,leakage_inflation,leaked_value,metric,model_id,safe_value
S1_CURRENT_CALL_DURATION,LOWER_IS_BETTER,0.0031124889390415356,0.2790404648496671,brier_score,histogram_gradient_boosting,0.28215295378870864
S1_CURRENT_CALL_DURATION,HIGHER_IS_BETTER,105.17799352750808,598.705501618123,conversions_per_1000,histogram_gradient_boosting,493.5275080906149
S1_CURRENT_CALL_DURATION,LOWER_IS_BETTER,-0.02309681908787456,0.24295016978300213,expected_calibration_error,histogram_gradient_boosting,0.21985335069512757
S1_CURRENT_CALL_DURATION,LOWER_IS_BETTER,-125.0,125.0,false_positive_contacts,histogram_gradient_boosting,0.0
S1_CURRENT_CALL_DURATION,HIGHER_IS_BETTER,0.09497724712906602,0.5371557970628019,pr_auc,histogram_gradient_boosting,0.4421785499337359
S1_CURRENT_CALL_DURATION,HIGHER_IS_BETTER,0.12086611358567712,0.6897851554372721,roc_auc,histogram_gradient_boosting,0.568919041851595
S1_CURRENT_CALL_DURATION,HIGHER_IS_BETTER,0.27352475673673093,1.5569870768090834,top_decile_lift,histogram_gradient_boosting,1.2834623200723525
S1_CURRENT_CALL_DURATION,HIGHER_IS_BETTER,0.10517799352750806,0.598705501618123,top_decile_response_rate,histogram_gradient_boosting,0.4935275080906149
S1_CURRENT_CALL_DURATION,LOWER_IS_BETTER,-0.015785879785049195,0.29192251466728225,brier_score,logistic_regression,0.27613663488223306
S1_CURRENT_CALL_DURATION,HIGHER_IS_BETTER,158.57605177993526,647.2491909385113,conversions_per_1000,logistic_regression,488.6731391585761
S1_CURRENT_CALL_DURATION,LOWER_IS_BETTER,-0.056293138615702065,0.2633026854224881,expected_calibration_error,logistic_regression,0.20700954680678602
S1_CURRENT_CALL_DURATION,LOWER_IS_BETTER,7.0,142.0,false_positive_contacts,logistic_regression,149.0
S1_CURRENT_CALL_DURATION,HIGHER_IS_BETTER,0.07485432515940826,0.5360861091738438,pr_auc,logistic_regression,0.46123178401443554
S1_CURRENT_CALL_DURATION,HIGHER_IS_BETTER,0.061014596397846566,0.6674379211520942,roc_auc,logistic_regression,0.6064233247542477
S1_CURRENT_CALL_DURATION,HIGHER_IS_BETTER,0.41239117169537876,1.683229272226036,top_decile_lift,logistic_regression,1.2708381005306573
S1_CURRENT_CALL_DURATION,HIGHER_IS_BETTER,0.15857605177993522,0.6472491909385113,top_decile_response_rate,logistic_regression,0.4886731391585761
S2_RANDOM_TEMPORAL_MIXING,LOWER_IS_BETTER,0.2067898425046497,0.07536311128405891,brier_score,histogram_gradient_boosting,0.28215295378870864
S2_RANDOM_TEMPORAL_MIXING,HIGHER_IS_BETTER,27.508090614886783,521.0355987055017,conversions_per_1000,histogram_gradient_boosting,493.5275080906149
S2_RANDOM_TEMPORAL_MIXING,LOWER_IS_BETTER,0.21350317822912923,0.006350172465998352,expected_calibration_error,histogram_gradient_boosting,0.21985335069512757
S2_RANDOM_TEMPORAL_MIXING,LOWER_IS_BETTER,-94.0,94.0,false_positive_contacts,histogram_gradient_boosting,0.0
S2_RANDOM_TEMPORAL_MIXING,HIGHER_IS_BETTER,0.042921488063624835,0.48510003799736073,pr_auc,histogram_gradient_boosting,0.4421785499337359
S2_RANDOM_TEMPORAL_MIXING,HIGHER_IS_BETTER,0.24119243646906585,0.8101114783206609,roc_auc,histogram_gradient_boosting,0.568919041851595
S2_RANDOM_TEMPORAL_MIXING,HIGHER_IS_BETTER,3.3422258471708863,4.625688167243239,top_decile_lift,histogram_gradient_boosting,1.2834623200723525
S2_RANDOM_TEMPORAL_MIXING,HIGHER_IS_BETTER,0.027508090614886738,0.5210355987055016,top_decile_response_rate,histogram_gradient_boosting,0.4935275080906149
S2_RANDOM_TEMPORAL_MIXING,LOWER_IS_BETTER,0.19822267438824792,0.07791396049398512,brier_score,logistic_regression,0.27613663488223306
S2_RANDOM_TEMPORAL_MIXING,HIGHER_IS_BETTER,11.326860841423922,500.0,conversions_per_1000,logistic_regression,488.6731391585761
S2_RANDOM_TEMPORAL_MIXING,LOWER_IS_BETTER,0.20155851219589965,0.005451034610886352,expected_calibration_error,logistic_regression,0.20700954680678602
S2_RANDOM_TEMPORAL_MIXING,LOWER_IS_BETTER,70.0,79.0,false_positive_contacts,logistic_regression,149.0
S2_RANDOM_TEMPORAL_MIXING,HIGHER_IS_BETTER,-0.005324403803648625,0.4559073802107869,pr_auc,logistic_regression,0.46123178401443554
S2_RANDOM_TEMPORAL_MIXING,HIGHER_IS_BETTER,0.18879625153275026,0.7952195762869979,roc_auc,logistic_regression,0.6064233247542477
S2_RANDOM_TEMPORAL_MIXING,HIGHER_IS_BETTER,3.168098681078538,4.438936781609195,top_decile_lift,logistic_regression,1.2708381005306573
S2_RANDOM_TEMPORAL_MIXING,HIGHER_IS_BETTER,0.011326860841423925,0.5,top_decile_response_rate,logistic_regression,0.4886731391585761
S3_GLOBAL_SUPERVISED_TRANSFORMATION,LOWER_IS_BETTER,0.0,0.337659935119941,brier_score,histogram_gradient_boosting,0.337659935119941
S3_GLOBAL_SUPERVISED_TRANSFORMATION,HIGHER_IS_BETTER,0.0,401.294498381877,conversions_per_1000,histogram_gradient_boosting,401.294498381877
S3_GLOBAL_SUPERVISED_TRANSFORMATION,LOWER_IS_BETTER,0.0,0.3190249193075356,expected_calibration_error,histogram_gradient_boosting,0.3190249193075356
S3_GLOBAL_SUPERVISED_TRANSFORMATION,LOWER_IS_BETTER,0.0,0.0,false_positive_contacts,histogram_gradient_boosting,0.0
S3_GLOBAL_SUPERVISED_TRANSFORMATION,HIGHER_IS_BETTER,0.0,0.41111354776289033,pr_auc,histogram_gradient_boosting,0.41111354776289033
S3_GLOBAL_SUPERVISED_TRANSFORMATION,HIGHER_IS_BETTER,0.0,0.5375424638177728,roc_auc,histogram_gradient_boosting,0.5375424638177728
S3_GLOBAL_SUPERVISED_TRANSFORMATION,HIGHER_IS_BETTER,0.0,1.0436021487801423,top_decile_lift,histogram_gradient_boosting,1.0436021487801423
S3_GLOBAL_SUPERVISED_TRANSFORMATION,HIGHER_IS_BETTER,0.0,0.40129449838187703,top_decile_response_rate,histogram_gradient_boosting,0.40129449838187703
S3_GLOBAL_SUPERVISED_TRANSFORMATION,LOWER_IS_BETTER,0.00356792323820887,0.3398731933481743,brier_score,logistic_regression,0.34344111658638315
S3_GLOBAL_SUPERVISED_TRANSFORMATION,HIGHER_IS_BETTER,0.0,401.294498381877,conversions_per_1000,logistic_regression,401.294498381877
S3_GLOBAL_SUPERVISED_TRANSFORMATION,LOWER_IS_BETTER,0.004688256370675381,0.3223864067852924,expected_calibration_error,logistic_regression,0.3270746631559678
S3_GLOBAL_SUPERVISED_TRANSFORMATION,LOWER_IS_BETTER,0.0,0.0,false_positive_contacts,logistic_regression,0.0
S3_GLOBAL_SUPERVISED_TRANSFORMATION,HIGHER_IS_BETTER,0.0047015778372481165,0.4148706883566071,pr_auc,logistic_regression,0.410169110519359
S3_GLOBAL_SUPERVISED_TRANSFORMATION,HIGHER_IS_BETTER,0.013663787493658597,0.5475841551636976,roc_auc,logistic_regression,0.533920367670039
S3_GLOBAL_SUPERVISED_TRANSFORMATION,HIGHER_IS_BETTER,0.0,1.0436021487801423,top_decile_lift,logistic_regression,1.0436021487801423
S3_GLOBAL_SUPERVISED_TRANSFORMATION,HIGHER_IS_BETTER,0.0,0.40129449838187703,top_decile_response_rate,logistic_regression,0.40129449838187703
S4_DUPLICATE_OVERLAP,LOWER_IS_BETTER,-0.028653474510571098,0.31080642829927974,brier_score,histogram_gradient_boosting,0.28215295378870864
S4_DUPLICATE_OVERLAP,HIGHER_IS_BETTER,-67.9611650485437,425.5663430420712,conversions_per_1000,histogram_gradient_boosting,493.5275080906149
S4_DUPLICATE_OVERLAP,LOWER_IS_BETTER,-0.04520413125454614,0.2650574819496737,expected_calibration_error,histogram_gradient_boosting,0.21985335069512757
S4_DUPLICATE_OVERLAP,LOWER_IS_BETTER,-71.0,71.0,false_positive_contacts,histogram_gradient_boosting,0.0
S4_DUPLICATE_OVERLAP,HIGHER_IS_BETTER,-0.04186027244730045,0.40031827748643545,pr_auc,histogram_gradient_boosting,0.4421785499337359
S4_DUPLICATE_OVERLAP,HIGHER_IS_BETTER,-0.060501810107384535,0.5084172317442105,roc_auc,histogram_gradient_boosting,0.568919041851595
S4_DUPLICATE_OVERLAP,HIGHER_IS_BETTER,-0.17673907358373375,1.1067232464886188,top_decile_lift,histogram_gradient_boosting,1.2834623200723525
S4_DUPLICATE_OVERLAP,HIGHER_IS_BETTER,-0.06796116504854371,0.4255663430420712,top_decile_response_rate,histogram_gradient_boosting,0.4935275080906149
S4_DUPLICATE_OVERLAP,LOWER_IS_BETTER,-0.008435636867875407,0.28457227175010846,brier_score,logistic_regression,0.27613663488223306
S4_DUPLICATE_OVERLAP,HIGHER_IS_BETTER,-24.271844660194233,464.40129449838184,conversions_per_1000,logistic_regression,488.6731391585761
S4_DUPLICATE_OVERLAP,LOWER_IS_BETTER,0.002632238808285392,0.20437730799850062,expected_calibration_error,logistic_regression,0.20700954680678602
S4_DUPLICATE_OVERLAP,LOWER_IS_BETTER,-7.0,156.0,false_positive_contacts,logistic_regression,149.0
S4_DUPLICATE_OVERLAP,HIGHER_IS_BETTER,-0.035056366769082525,0.426175417245353,pr_auc,logistic_regression,0.46123178401443554
S4_DUPLICATE_OVERLAP,HIGHER_IS_BETTER,-0.06419063985458928,0.5422326848996584,roc_auc,logistic_regression,0.6064233247542477
S4_DUPLICATE_OVERLAP,HIGHER_IS_BETTER,-0.0631210977084764,1.2077170028221809,top_decile_lift,logistic_regression,1.2708381005306573
S4_DUPLICATE_OVERLAP,HIGHER_IS_BETTER,-0.02427184466019422,0.46440129449838186,top_decile_response_rate,logistic_regression,0.4886731391585761
S5_POST_OUTCOME_CONFIRMATION_PROXY,LOWER_IS_BETTER,0.2821529495661687,4.222539935994499e-09,brier_score,histogram_gradient_boosting,0.28215295378870864
S5_POST_OUTCOME_CONFIRMATION_PROXY,HIGHER_IS_BETTER,506.4724919093851,1000.0,conversions_per_1000,histogram_gradient_boosting,493.5275080906149
S5_POST_OUTCOME_CONFIRMATION_PROXY,LOWER_IS_BETTER,0.21980903169665708,4.431899847048231e-05,expected_calibration_error,histogram_gradient_boosting,0.21985335069512757
S5_POST_OUTCOME_CONFIRMATION_PROXY,LOWER_IS_BETTER,0.0,0.0,false_positive_contacts,histogram_gradient_boosting,0.0
S5_POST_OUTCOME_CONFIRMATION_PROXY,HIGHER_IS_BETTER,0.5578214500662642,1.0,pr_auc,histogram_gradient_boosting,0.4421785499337359
S5_POST_OUTCOME_CONFIRMATION_PROXY,HIGHER_IS_BETTER,0.43108095814840497,1.0,roc_auc,histogram_gradient_boosting,0.568919041851595
S5_POST_OUTCOME_CONFIRMATION_PROXY,HIGHER_IS_BETTER,1.3171269055168733,2.600589225589226,top_decile_lift,histogram_gradient_boosting,1.2834623200723525
S5_POST_OUTCOME_CONFIRMATION_PROXY,HIGHER_IS_BETTER,0.506472491909385,1.0,top_decile_response_rate,histogram_gradient_boosting,0.4935275080906149
S5_POST_OUTCOME_CONFIRMATION_PROXY,LOWER_IS_BETTER,0.2761318111228363,4.8237593967283196e-06,brier_score,logistic_regression,0.27613663488223306
S5_POST_OUTCOME_CONFIRMATION_PROXY,HIGHER_IS_BETTER,511.3268608414239,1000.0,conversions_per_1000,logistic_regression,488.6731391585761
S5_POST_OUTCOME_CONFIRMATION_PROXY,LOWER_IS_BETTER,0.2055642781259938,0.0014452686807922344,expected_calibration_error,logistic_regression,0.20700954680678602
S5_POST_OUTCOME_CONFIRMATION_PROXY,LOWER_IS_BETTER,149.0,0.0,false_positive_contacts,logistic_regression,149.0
S5_POST_OUTCOME_CONFIRMATION_PROXY,HIGHER_IS_BETTER,0.5387682159855645,1.0,pr_auc,logistic_regression,0.46123178401443554
S5_POST_OUTCOME_CONFIRMATION_PROXY,HIGHER_IS_BETTER,0.39357667524575235,1.0,roc_auc,logistic_regression,0.6064233247542477
S5_POST_OUTCOME_CONFIRMATION_PROXY,HIGHER_IS_BETTER,1.3297511250585685,2.600589225589226,top_decile_lift,logistic_regression,1.2708381005306573
S5_POST_OUTCOME_CONFIRMATION_PROXY,HIGHER_IS_BETTER,0.5113268608414239,1.0,top_decile_response_rate,logistic_regression,0.4886731391585761
