actual_auditor_result,campaign_yield_overstatement,case_id,evidence_class,expected_auditor_result,leaked_brier_score,leaked_calibration_intercept,leaked_calibration_slope,leaked_conversions_per_1000,leaked_expected_calibration_error,leaked_false_positive_contacts,leaked_pr_auc,leaked_roc_auc,leaked_target_prevalence,leaked_top_decile_lift,leaked_top_decile_response_rate,model_id,observed_or_injected,reported_effect_brier_score_raw_difference,reported_effect_conversions_per_1000,reported_effect_expected_calibration_error_raw_difference,reported_effect_pr_auc,reported_effect_roc_auc,reported_effect_top_decile_lift,safe_brier_score,safe_calibration_intercept,safe_calibration_slope,safe_conversions_per_1000,safe_expected_calibration_error,safe_false_positive_contacts,safe_pr_auc,safe_roc_auc,safe_target_prevalence,safe_top_decile_lift,safe_top_decile_response_rate
BLOCK,105.17799352750808,S1_CURRENT_CALL_DURATION,OBSERVED_DATASET_CONDITION,BLOCK,0.2790404648496671,0.6841912571370915,0.5069594366694351,598.705501618123,0.24295016978300213,125,0.5371557970628019,0.6897851554372721,0.38452824081566594,1.5569870768090834,0.598705501618123,histogram_gradient_boosting,OBSERVED,-0.0031124889390415356,105.17799352750808,0.02309681908787456,0.09497724712906602,0.12086611358567712,0.27352475673673093,0.28215295378870864,0.27888539035291576,0.438669451315185,493.5275080906149,0.21985335069512757,0,0.4421785499337359,0.568919041851595,0.38452824081566594,1.2834623200723525,0.4935275080906149
BLOCK,158.57605177993526,S1_CURRENT_CALL_DURATION,OBSERVED_DATASET_CONDITION,BLOCK,0.29192251466728225,0.3559394716470821,0.3176500881029975,647.2491909385113,0.2633026854224881,142,0.5360861091738438,0.6674379211520942,0.38452824081566594,1.683229272226036,0.6472491909385113,logistic_regression,OBSERVED,0.015785879785049195,158.57605177993526,0.056293138615702065,0.07485432515940826,0.061014596397846566,0.41239117169537876,0.27613663488223306,0.10815003962613531,0.3484783974722854,488.6731391585761,0.20700954680678602,149,0.46123178401443554,0.6064233247542477,0.38452824081566594,1.2708381005306573,0.4886731391585761
BLOCK,27.508090614886783,S2_RANDOM_TEMPORAL_MIXING,EVALUATION_DESIGN_EXPERIMENT,WARN_OR_BLOCK,0.07536311128405891,0.010581816135974056,1.022747334608013,521.0355987055017,0.006350172465998352,94,0.48510003799736073,0.8101114783206609,0.11263958569347791,4.625688167243239,0.5210355987055016,histogram_gradient_boosting,EVALUATION_DESIGN_EXPERIMENT,-0.2067898425046497,27.508090614886783,-0.21350317822912923,0.042921488063624835,0.24119243646906585,3.3422258471708863,0.28215295378870864,0.27888539035291576,0.438669451315185,493.5275080906149,0.21985335069512757,0,0.4421785499337359,0.568919041851595,0.38452824081566594,1.2834623200723525,0.4935275080906149
BLOCK,11.326860841423922,S2_RANDOM_TEMPORAL_MIXING,EVALUATION_DESIGN_EXPERIMENT,WARN_OR_BLOCK,0.07791396049398512,-0.04681137768124469,0.9862818701685059,500.0,0.005451034610886352,79,0.4559073802107869,0.7952195762869979,0.11263958569347791,4.438936781609195,0.5,logistic_regression,EVALUATION_DESIGN_EXPERIMENT,-0.19822267438824792,11.326860841423922,-0.20155851219589965,-0.005324403803648625,0.18879625153275026,3.168098681078538,0.27613663488223306,0.10815003962613531,0.3484783974722854,488.6731391585761,0.20700954680678602,149,0.46123178401443554,0.6064233247542477,0.38452824081566594,1.2708381005306573,0.4886731391585761
BLOCK,0.0,S3_GLOBAL_SUPERVISED_TRANSFORMATION,CONTROLLED_INJECTION,BLOCK,0.337659935119941,0.5685067446996763,0.38443101238603444,401.294498381877,0.3190249193075356,0,0.41111354776289033,0.5375424638177728,0.38452824081566594,1.0436021487801423,0.40129449838187703,histogram_gradient_boosting,CONTROLLED_INJECTION,0.0,0.0,0.0,0.0,0.0,0.0,0.337659935119941,0.5685067446996763,0.38443101238603444,401.294498381877,0.3190249193075356,0,0.41111354776289033,0.5375424638177728,0.38452824081566594,1.0436021487801423,0.40129449838187703
BLOCK,0.0,S3_GLOBAL_SUPERVISED_TRANSFORMATION,CONTROLLED_INJECTION,BLOCK,0.3398731933481743,1.6033087885551627,0.7596693104082353,401.294498381877,0.3223864067852924,0,0.4148706883566071,0.5475841551636976,0.38452824081566594,1.0436021487801423,0.40129449838187703,logistic_regression,CONTROLLED_INJECTION,-0.00356792323820887,0.0,-0.004688256370675381,0.0047015778372481165,0.013663787493658597,0.0,0.34344111658638315,3.948092981744246,1.5784724632025073,401.294498381877,0.3270746631559678,0,0.410169110519359,0.533920367670039,0.38452824081566594,1.0436021487801423,0.40129449838187703
BLOCK,-67.9611650485437,S4_DUPLICATE_OVERLAP,CONTROLLED_INJECTION,BLOCK,0.31080642829927974,-0.30211494204968387,0.08024451016015466,425.5663430420712,0.2650574819496737,71,0.40031827748643545,0.5084172317442105,0.38452824081566594,1.1067232464886188,0.4255663430420712,histogram_gradient_boosting,CONTROLLED_INJECTION,0.028653474510571098,-67.9611650485437,0.04520413125454614,-0.04186027244730045,-0.060501810107384535,-0.17673907358373375,0.28215295378870864,0.27888539035291576,0.438669451315185,493.5275080906149,0.21985335069512757,0,0.4421785499337359,0.568919041851595,0.38452824081566594,1.2834623200723525,0.4935275080906149
BLOCK,-24.271844660194233,S4_DUPLICATE_OVERLAP,CONTROLLED_INJECTION,BLOCK,0.28457227175010846,-0.24839187162431126,0.13534068932485208,464.40129449838184,0.20437730799850062,156,0.426175417245353,0.5422326848996584,0.38452824081566594,1.2077170028221809,0.46440129449838186,logistic_regression,CONTROLLED_INJECTION,0.008435636867875407,-24.271844660194233,-0.002632238808285392,-0.035056366769082525,-0.06419063985458928,-0.0631210977084764,0.27613663488223306,0.10815003962613531,0.3484783974722854,488.6731391585761,0.20700954680678602,149,0.46123178401443554,0.6064233247542477,0.38452824081566594,1.2708381005306573,0.4886731391585761
BLOCK,506.4724919093851,S5_POST_OUTCOME_CONFIRMATION_PROXY,CONTROLLED_INJECTION,BLOCK,4.222539935994499e-09,-0.0038610495648805617,1.1843601778060104,1000.0,4.431899847048231e-05,0,1.0,1.0,0.38452824081566594,2.600589225589226,1.0,histogram_gradient_boosting,CONTROLLED_INJECTION,-0.2821529495661687,506.4724919093851,-0.21980903169665708,0.5578214500662642,0.43108095814840497,1.3171269055168733,0.28215295378870864,0.27888539035291576,0.438669451315185,493.5275080906149,0.21985335069512757,0,0.4421785499337359,0.568919041851595,0.38452824081566594,1.2834623200723525,0.4935275080906149
BLOCK,511.3268608414239,S5_POST_OUTCOME_CONFIRMATION_PROXY,CONTROLLED_INJECTION,BLOCK,4.8237593967283196e-06,0.09259895430529194,1.7586432827502119,1000.0,0.0014452686807922344,0,1.0,1.0,0.38452824081566594,2.600589225589226,1.0,logistic_regression,CONTROLLED_INJECTION,-0.2761318111228363,511.3268608414239,-0.2055642781259938,0.5387682159855645,0.39357667524575235,1.3297511250585685,0.27613663488223306,0.10815003962613531,0.3484783974722854,488.6731391585761,0.20700954680678602,149,0.46123178401443554,0.6064233247542477,0.38452824081566594,1.2708381005306573,0.4886731391585761
